<?xml version="1.0"?>
<metadata xml:lang="pl"><Esri><CreaDate>20140413</CreaDate><CreaTime>18404800</CreaTime><ArcGISFormat>1.0</ArcGISFormat><SyncOnce>TRUE</SyncOnce><ModDate>20170808</ModDate><ModTime>142039</ModTime><scaleRange><minScale>150000000</minScale><maxScale>5000</maxScale></scaleRange><ArcGISProfile>ItemDescription</ArcGISProfile></Esri><toolbox name="ZonalMetrics" alias="zonalmetrics"><arcToolboxHelpPath>c:\program files (x86)\arcgis\desktop10.5\Help\gp</arcToolboxHelpPath><toolsets><toolset name="ZonalMetrics"/></toolsets></toolbox><dataIdInfo><idCitation><resTitle>ZonalMetrics</resTitle></idCitation><idPurp>Python toolbox for the calculation of zonal landscape metrics.</idPurp><searchKeys><keyword>landscape metrics</keyword><keyword>zonal metrics</keyword><keyword>ArcPy site package</keyword></searchKeys><idCredit>Joanna Adamczyk Warsaw University of Life Sciences - SGGW, Warsaw. Poland.
Dirk Tiede, University of Salzburg, Department of Geoinformatics - Z_GIS, Salzburg, Austria.
</idCredit></dataIdInfo><distInfo><distributor><distorFormat><formatName>ArcToolbox Toolbox</formatName></distorFormat></distributor></distInfo><mdHrLv><ScopeCd value="005"/></mdHrLv></metadata>
