<metadata xml:lang="pl"><Esri><CreaDate>20140410</CreaDate><CreaTime>22390200</CreaTime><ArcGISFormat>1.0</ArcGISFormat><SyncOnce>TRUE</SyncOnce><ModDate>20141130</ModDate><ModTime>17582700</ModTime><scaleRange><minScale>150000000</minScale><maxScale>5000</maxScale></scaleRange><ArcGISProfile>ItemDescription</ArcGISProfile></Esri><dataIdInfo><idCitation><resTitle>Create hexagons</resTitle></idCitation><idAbs>&lt;DIV STYLE="text-align:Left;"&gt;&lt;DIV&gt;&lt;DIV&gt;&lt;P&gt;&lt;SPAN&gt;Creates a new hexagon layer based on a user defined hexagon height&lt;/SPAN&gt;&lt;SPAN&gt;.&lt;/SPAN&gt;&lt;/P&gt;&lt;P&gt;&lt;SPAN /&gt;&lt;SPAN&gt;Hexagons may be also centered to the specific point (defined by centroid of the given layer) to represent the relations between the distance from the center and the observed values.&lt;/SPAN&gt;&lt;/P&gt;&lt;/DIV&gt;&lt;/DIV&gt;&lt;/DIV&gt;</idAbs><searchKeys><keyword>create</keyword><keyword>hexagons</keyword></searchKeys></dataIdInfo><distInfo><distributor><distorFormat><formatName>ArcToolbox Tool</formatName></distorFormat></distributor></distInfo><tool name="CreateHexagons" displayname="Create hexagons" toolboxalias="" xmlns=""><parameters><param name="in_area" displayname="Input layer" type="Required" direction="Input" datatype="Feature Layer" expression="in_area"><dialogReference>&lt;DIV STYLE="text-align:Left;"&gt;&lt;DIV&gt;&lt;DIV&gt;&lt;P&gt;&lt;SPAN&gt;A l&lt;/SPAN&gt;&lt;SPAN&gt;ayer defining the extent of the hexagon layer (usually the layer for which the metrics will be calculated)&lt;/SPAN&gt;&lt;SPAN&gt;.&lt;/SPAN&gt;&lt;/P&gt;&lt;/DIV&gt;&lt;/DIV&gt;&lt;/DIV&gt;</dialogReference></param><param name="use_extent" displayname="Hexagon layer extent" type="Required" direction="Input" datatype="Boolean" expression="use_extent"><dialogReference>&lt;DIV STYLE="text-align:Left;"&gt;&lt;DIV&gt;&lt;DIV&gt;&lt;P&gt;&lt;SPAN&gt;Hexagon layer will have same extent as set in map window &lt;/SPAN&gt;&lt;SPAN&gt;(if not selected the extent of the Input layer will be used)&lt;/SPAN&gt;&lt;SPAN&gt;.&lt;/SPAN&gt;&lt;/P&gt;&lt;/DIV&gt;&lt;/DIV&gt;&lt;/DIV&gt;</dialogReference></param><param name="clip_to_input" displayname="Clip hexagon layer to input area" type="Required" direction="Input" datatype="Boolean" expression="clip_to_input"><dialogReference>&lt;DIV STYLE="text-align:Left;"&gt;&lt;DIV&gt;&lt;DIV&gt;&lt;P&gt;&lt;SPAN&gt;T&lt;/SPAN&gt;&lt;SPAN&gt;o be selected if the hexagon layer extent should clipped by the input layer (hexagons not overlapping with the input layer will be deleted)&lt;/SPAN&gt;&lt;SPAN&gt;.&lt;/SPAN&gt;&lt;/P&gt;&lt;/DIV&gt;&lt;/DIV&gt;&lt;/DIV&gt;</dialogReference></param><param name="hex_height" displayname="Hexagon height" type="Required" direction="Input" datatype="Double" expression="hex_height"><dialogReference>&lt;DIV STYLE="text-align:Left;"&gt;&lt;DIV&gt;&lt;DIV&gt;&lt;P&gt;&lt;SPAN&gt;S&lt;/SPAN&gt;&lt;SPAN&gt;horter diagonal of hexagon&lt;/SPAN&gt;&lt;SPAN&gt;.&lt;/SPAN&gt;&lt;/P&gt;&lt;/DIV&gt;&lt;/DIV&gt;&lt;/DIV&gt;</dialogReference></param><param name="center_hexagons" displayname="Center hexagons" type="Optional" direction="Input" datatype="Boolean" expression="{center_hexagons}"><dialogReference>&lt;DIV STYLE="text-align:Left;"&gt;&lt;DIV&gt;&lt;DIV&gt;&lt;P&gt;&lt;SPAN&gt;S&lt;/SPAN&gt;&lt;SPAN&gt;et if the hexagon layer should be centered to the layer given below&lt;/SPAN&gt;&lt;SPAN&gt;.&lt;/SPAN&gt;&lt;/P&gt;&lt;/DIV&gt;&lt;/DIV&gt;&lt;/DIV&gt;</dialogReference></param><param name="center_fc" displayname="Feature layer to center" type="Optional" direction="Input" datatype="Feature Layer" expression="{center_fc}"><dialogReference>&lt;DIV STYLE="text-align:Left;"&gt;&lt;DIV&gt;&lt;DIV&gt;&lt;P&gt;&lt;SPAN&gt;T&lt;/SPAN&gt;&lt;SPAN&gt;he layer to which centroid the hexagon layer will be centered&lt;/SPAN&gt;&lt;SPAN&gt;.&lt;/SPAN&gt;&lt;/P&gt;&lt;/DIV&gt;&lt;/DIV&gt;&lt;/DIV&gt;</dialogReference></param><param name="output_layer" displayname="Output hexagon Layer" type="Required" direction="Output" datatype="Shapefile" expression="output_layer"><dialogReference>&lt;DIV STYLE="text-align:Left;"&gt;&lt;DIV&gt;&lt;DIV&gt;&lt;P&gt;&lt;SPAN&gt;T&lt;/SPAN&gt;&lt;SPAN&gt;he name for the output hexagon layer&lt;/SPAN&gt;&lt;SPAN&gt;.&lt;/SPAN&gt;&lt;/P&gt;&lt;/DIV&gt;&lt;/DIV&gt;&lt;/DIV&gt;</dialogReference></param></parameters><summary>&lt;DIV STYLE="text-align:Left;"&gt;&lt;DIV&gt;&lt;DIV&gt;&lt;P&gt;&lt;SPAN&gt;Creates a new hexagon layer based on a user defined hexagon height&lt;/SPAN&gt;&lt;SPAN&gt;.&lt;/SPAN&gt;&lt;/P&gt;&lt;P&gt;&lt;SPAN /&gt;&lt;SPAN&gt;Hexagons may be also centered to the specific point (defined by centroid of the given layer) to represent the relations between the distance from the center and the observed values.&lt;/SPAN&gt;&lt;/P&gt;&lt;/DIV&gt;&lt;/DIV&gt;&lt;/DIV&gt;</summary></tool></metadata>
