<metadata xml:lang="pl"><Esri><CreaDate>20140411</CreaDate><CreaTime>21353300</CreaTime><ArcGISFormat>1.0</ArcGISFormat><SyncOnce>TRUE</SyncOnce><ModDate>20150706</ModDate><ModTime>20275600</ModTime><scaleRange><minScale>150000000</minScale><maxScale>5000</maxScale></scaleRange><ArcGISProfile>ItemDescription</ArcGISProfile></Esri><dataIdInfo><idCitation><resTitle>Connectance Metrics</resTitle></idCitation><idAbs>&lt;DIV STYLE="text-align:Left;"&gt;&lt;DIV&gt;&lt;DIV&gt;&lt;P&gt;&lt;SPAN&gt;Explores connectedness within the statistical zone within a defined distance.&lt;/SPAN&gt;&lt;/P&gt;&lt;P&gt;&lt;SPAN&gt;Calculates&lt;/SPAN&gt;&lt;SPAN&gt;:&lt;/SPAN&gt;&lt;/P&gt;&lt;UL&gt;&lt;LI&gt;&lt;P&gt;&lt;SPAN STYLE="font-weight:bold;"&gt;Connectance Index&lt;/SPAN&gt;&lt;SPAN STYLE="font-weight:bold;"&gt;(CI)&lt;/SPAN&gt;&lt;SPAN /&gt;&lt;SPAN&gt;-&lt;/SPAN&gt;&lt;SPAN /&gt;&lt;SPAN&gt;number of distinct connected patches&lt;/SPAN&gt;&lt;/P&gt;&lt;/LI&gt;&lt;LI&gt;&lt;P&gt;&lt;SPAN&gt;Area of parts of patches within the range of connection and its percentage per statistical zone area&lt;/SPAN&gt;&lt;/P&gt;&lt;/LI&gt;&lt;LI&gt;&lt;P&gt;&lt;SPAN&gt;Area of connection zone between two patches, and its percentage per statistical zone area. &lt;/SPAN&gt;&lt;/P&gt;&lt;/LI&gt;&lt;/UL&gt;&lt;P&gt;&lt;SPAN&gt;An optional connection layer is generated showing the areas of connection between the patches within a defined distance.&lt;/SPAN&gt;&lt;/P&gt;&lt;P&gt;&lt;SPAN&gt;Outputs&lt;/SPAN&gt;&lt;SPAN&gt;:&lt;/SPAN&gt;&lt;/P&gt;&lt;UL&gt;&lt;LI&gt;&lt;P&gt;&lt;SPAN STYLE="font-style:italic;"&gt;c&lt;/SPAN&gt;&lt;SPAN STYLE="font-style:italic;"&gt;i&lt;/SPAN&gt;&lt;SPAN STYLE="font-style:italic;"&gt;_np&lt;/SPAN&gt;&lt;SPAN&gt;- number of distinct (by FID) connected patches&lt;/SPAN&gt;&lt;/P&gt;&lt;/LI&gt;&lt;LI&gt;&lt;P&gt;&lt;SPAN STYLE="font-style:italic;"&gt;c&lt;/SPAN&gt;&lt;SPAN STYLE="font-style:italic;"&gt;i&lt;/SPAN&gt;&lt;SPAN STYLE="font-style:italic;"&gt;_pa&lt;/SPAN&gt;&lt;SPAN&gt;- patch area within range of connection&lt;/SPAN&gt;&lt;/P&gt;&lt;/LI&gt;&lt;LI&gt;&lt;P&gt;&lt;SPAN STYLE="font-style:italic;"&gt;c&lt;/SPAN&gt;&lt;SPAN STYLE="font-style:italic;"&gt;i&lt;/SPAN&gt;&lt;SPAN STYLE="font-style:italic;"&gt;_pp&lt;/SPAN&gt;&lt;SPAN&gt;- percentage of patch area within range of connection to statistical zone area&lt;/SPAN&gt;&lt;/P&gt;&lt;/LI&gt;&lt;LI&gt;&lt;P&gt;&lt;SPAN STYLE="font-style:italic;"&gt;c&lt;/SPAN&gt;&lt;SPAN STYLE="font-style:italic;"&gt;i&lt;/SPAN&gt;&lt;SPAN STYLE="font-style:italic;"&gt;_ca&lt;/SPAN&gt;&lt;SPAN&gt;- area of connection zone between patches&lt;/SPAN&gt;&lt;/P&gt;&lt;/LI&gt;&lt;LI&gt;&lt;P&gt;&lt;SPAN STYLE="font-style:italic;"&gt;c&lt;/SPAN&gt;&lt;SPAN STYLE="font-style:italic;"&gt;i&lt;/SPAN&gt;&lt;SPAN STYLE="font-style:italic;"&gt;_cp&lt;/SPAN&gt;&lt;SPAN&gt;- percentage of connection zone between patches to statistical zone area&lt;/SPAN&gt;&lt;/P&gt;&lt;/LI&gt;&lt;/UL&gt;&lt;P&gt;&lt;SPAN /&gt;&lt;/P&gt;&lt;/DIV&gt;&lt;/DIV&gt;&lt;/DIV&gt;</idAbs><searchKeys><keyword>Connectance Index</keyword><keyword>CONNECT</keyword><keyword>metrics</keyword></searchKeys></dataIdInfo><distInfo><distributor><distorFormat><formatName>ArcToolbox Tool</formatName></distorFormat></distributor></distInfo><tool name="ConnectanceMetricsTool" displayname="Connectance Metrics" toolboxalias="" xmlns=""><parameters><param name="in_area" displayname="Input layer" type="Required" direction="Input" datatype="Feature Layer" expression="in_area"><dialogReference>&lt;DIV STYLE="text-align:Left;"&gt;&lt;P&gt;&lt;SPAN&gt;A &lt;/SPAN&gt;&lt;SPAN&gt;l&lt;/SPAN&gt;&lt;SPAN&gt;ayer with categorical values for which landscape metrics will be calculated&lt;/SPAN&gt;&lt;SPAN&gt;.&lt;/SPAN&gt;&lt;/P&gt;&lt;/DIV&gt;</dialogReference></param><param name="stat_layer" displayname="Statistical layer" type="Required" direction="Input" datatype="Feature Layer" expression="stat_layer"><dialogReference>&lt;DIV STYLE="text-align:Left;"&gt;&lt;DIV&gt;&lt;DIV&gt;&lt;P&gt;&lt;SPAN&gt;A &lt;/SPAN&gt;&lt;SPAN&gt;layer with statistical zones within which the metrics are calculated (e.g. hexagons, pies, administrative units&lt;/SPAN&gt;&lt;SPAN&gt;, watersheds&lt;/SPAN&gt;&lt;SPAN&gt;)&lt;/SPAN&gt;&lt;SPAN&gt;.&lt;/SPAN&gt;&lt;/P&gt;&lt;/DIV&gt;&lt;/DIV&gt;&lt;/DIV&gt;</dialogReference></param><param name="conn_distance" displayname="Maximum connection distance" type="Required" direction="Input" datatype="Double" expression="conn_distance"><dialogReference>&lt;DIV STYLE="text-align:Left;"&gt;&lt;DIV&gt;&lt;DIV&gt;&lt;P&gt;&lt;SPAN&gt;R&lt;/SPAN&gt;&lt;SPAN&gt;adius for &lt;/SPAN&gt;&lt;SPAN&gt;searching of &lt;/SPAN&gt;&lt;SPAN&gt;potential connection&lt;/SPAN&gt;&lt;SPAN&gt;s&lt;/SPAN&gt;&lt;SPAN&gt; between the patches.&lt;/SPAN&gt;&lt;/P&gt;&lt;/DIV&gt;&lt;/DIV&gt;&lt;/DIV&gt;</dialogReference></param><param name="class_field" displayname="Class Field" type="Required" direction="Input" datatype="Field" expression="class_field"><dialogReference>&lt;DIV STYLE="text-align:Left;"&gt;&lt;DIV&gt;&lt;DIV&gt;&lt;P&gt;&lt;SPAN&gt;Name of field containing classes for which metrics calculations will be performed.&lt;/SPAN&gt;&lt;/P&gt;&lt;/DIV&gt;&lt;/DIV&gt;&lt;/DIV&gt;</dialogReference></param><param name="class_list" displayname="Classes (will be merged)" type="Required" direction="Input" datatype="Multiple Value" expression="class_list;class_list..."><dialogReference>&lt;DIV STYLE="text-align:Left;"&gt;&lt;DIV&gt;&lt;DIV&gt;&lt;P&gt;&lt;SPAN&gt;Selection of specific classes for which metrics calculations will be performed. &lt;/SPAN&gt;&lt;SPAN&gt;Patches of selected classes will be analazyed jointly (input layer will not be changed).&lt;/SPAN&gt;&lt;/P&gt;&lt;P&gt;&lt;SPAN /&gt;&lt;/P&gt;&lt;/DIV&gt;&lt;/DIV&gt;&lt;/DIV&gt;</dialogReference></param><param name="max_allowable_distance" displayname="Maximum Allowable Offset" type="Required" direction="Input" datatype="Long" expression="max_allowable_distance"><dialogReference>&lt;DIV STYLE="text-align:Left;"&gt;&lt;DIV&gt;&lt;DIV&gt;&lt;P STYLE=""&gt;&lt;SPAN&gt;Maximum Allowable Offset for point remove simplification algorithm. Affects output connections layer generalization level. You can choose larger value than default to optimize for computation speed or lower one to obtain more detailed layer.&lt;/SPAN&gt;&lt;/P&gt;&lt;P STYLE=""&gt;&lt;SPAN&gt;Default value is optimized for Corine Land Cover layers.&lt;/SPAN&gt;&lt;/P&gt;&lt;P STYLE="font-style:italic;"&gt;&lt;SPAN /&gt;&lt;/P&gt;&lt;/DIV&gt;&lt;/DIV&gt;&lt;/DIV&gt;</dialogReference></param><param name="out_connections" displayname="Output connections layer" type="Optional" direction="Output" datatype="Shapefile" expression="{out_connections}"><dialogReference>&lt;DIV STYLE="text-align:Left;"&gt;&lt;P&gt;&lt;SPAN&gt;O&lt;/SPAN&gt;&lt;SPAN&gt;utput connection layer with areas of connection between the patches within a defined distance.&lt;/SPAN&gt;&lt;/P&gt;&lt;/DIV&gt;</dialogReference></param></parameters><summary>&lt;DIV STYLE="text-align:Left;"&gt;&lt;DIV&gt;&lt;DIV&gt;&lt;P&gt;&lt;SPAN&gt;Explores connectedness within the statistical zone within a defined distance.&lt;/SPAN&gt;&lt;/P&gt;&lt;P&gt;&lt;SPAN&gt;Calculates&lt;/SPAN&gt;&lt;SPAN&gt;:&lt;/SPAN&gt;&lt;/P&gt;&lt;UL&gt;&lt;LI&gt;&lt;P&gt;&lt;SPAN STYLE="font-weight:bold;"&gt;Connectance Index&lt;/SPAN&gt;&lt;SPAN STYLE="font-weight:bold;"&gt;(CI)&lt;/SPAN&gt;&lt;SPAN /&gt;&lt;SPAN&gt;-&lt;/SPAN&gt;&lt;SPAN /&gt;&lt;SPAN&gt;number of distinct connected patches&lt;/SPAN&gt;&lt;/P&gt;&lt;/LI&gt;&lt;LI&gt;&lt;P&gt;&lt;SPAN&gt;Area of parts of patches within the range of connection and its percentage per statistical zone area&lt;/SPAN&gt;&lt;/P&gt;&lt;/LI&gt;&lt;LI&gt;&lt;P&gt;&lt;SPAN&gt;Area of connection zone between two patches, and its percentage per statistical zone area. &lt;/SPAN&gt;&lt;/P&gt;&lt;/LI&gt;&lt;/UL&gt;&lt;P&gt;&lt;SPAN&gt;An optional connection layer is generated showing the areas of connection between the patches within a defined distance.&lt;/SPAN&gt;&lt;/P&gt;&lt;P&gt;&lt;SPAN&gt;Outputs&lt;/SPAN&gt;&lt;SPAN&gt;:&lt;/SPAN&gt;&lt;/P&gt;&lt;UL&gt;&lt;LI&gt;&lt;P&gt;&lt;SPAN STYLE="font-style:italic;"&gt;c&lt;/SPAN&gt;&lt;SPAN STYLE="font-style:italic;"&gt;i&lt;/SPAN&gt;&lt;SPAN STYLE="font-style:italic;"&gt;_np&lt;/SPAN&gt;&lt;SPAN&gt;- number of distinct (by FID) connected patches&lt;/SPAN&gt;&lt;/P&gt;&lt;/LI&gt;&lt;LI&gt;&lt;P&gt;&lt;SPAN STYLE="font-style:italic;"&gt;c&lt;/SPAN&gt;&lt;SPAN STYLE="font-style:italic;"&gt;i&lt;/SPAN&gt;&lt;SPAN STYLE="font-style:italic;"&gt;_pa&lt;/SPAN&gt;&lt;SPAN&gt;- patch area within range of connection&lt;/SPAN&gt;&lt;/P&gt;&lt;/LI&gt;&lt;LI&gt;&lt;P&gt;&lt;SPAN STYLE="font-style:italic;"&gt;c&lt;/SPAN&gt;&lt;SPAN STYLE="font-style:italic;"&gt;i&lt;/SPAN&gt;&lt;SPAN STYLE="font-style:italic;"&gt;_pp&lt;/SPAN&gt;&lt;SPAN&gt;- percentage of patch area within range of connection to statistical zone area&lt;/SPAN&gt;&lt;/P&gt;&lt;/LI&gt;&lt;LI&gt;&lt;P&gt;&lt;SPAN STYLE="font-style:italic;"&gt;c&lt;/SPAN&gt;&lt;SPAN STYLE="font-style:italic;"&gt;i&lt;/SPAN&gt;&lt;SPAN STYLE="font-style:italic;"&gt;_ca&lt;/SPAN&gt;&lt;SPAN&gt;- area of connection zone between patches&lt;/SPAN&gt;&lt;/P&gt;&lt;/LI&gt;&lt;LI&gt;&lt;P&gt;&lt;SPAN STYLE="font-style:italic;"&gt;c&lt;/SPAN&gt;&lt;SPAN STYLE="font-style:italic;"&gt;i&lt;/SPAN&gt;&lt;SPAN STYLE="font-style:italic;"&gt;_cp&lt;/SPAN&gt;&lt;SPAN&gt;- percentage of connection zone between patches to statistical zone area&lt;/SPAN&gt;&lt;/P&gt;&lt;/LI&gt;&lt;/UL&gt;&lt;P&gt;&lt;SPAN /&gt;&lt;/P&gt;&lt;/DIV&gt;&lt;/DIV&gt;&lt;/DIV&gt;</summary><arcToolboxHelpPath>c:\program files (x86)\arcgis\desktop10.2\Help\gp</arcToolboxHelpPath></tool><mdHrLv><ScopeCd value="005"/></mdHrLv></metadata>
