<metadata xml:lang="pl"><Esri><CreaDate>20140411</CreaDate><CreaTime>21090000</CreaTime><ArcGISFormat>1.0</ArcGISFormat><SyncOnce>TRUE</SyncOnce><ModDate>20150312</ModDate><ModTime>20263700</ModTime><scaleRange><minScale>150000000</minScale><maxScale>5000</maxScale></scaleRange><ArcGISProfile>ItemDescription</ArcGISProfile></Esri><dataIdInfo><idCitation><resTitle>Area Metrics - Largest Patch Index</resTitle></idCitation><idAbs>&lt;DIV STYLE="text-align:Left;"&gt;&lt;DIV&gt;&lt;DIV&gt;&lt;P&gt;&lt;SPAN&gt;Looks for &lt;/SPAN&gt;&lt;SPAN&gt;the &lt;/SPAN&gt;&lt;SPAN&gt;patch covering the largest area within the statistical zone, calculates the area of this patch (LPI) and identifies the class &lt;/SPAN&gt;&lt;SPAN&gt;of &lt;/SPAN&gt;&lt;SPAN&gt;th&lt;/SPAN&gt;&lt;SPAN&gt;at&lt;/SPAN&gt;&lt;SPAN&gt; &lt;/SPAN&gt;&lt;SPAN&gt;patch. &lt;/SPAN&gt;&lt;/P&gt;&lt;P&gt;&lt;SPAN&gt;Outputs:&lt;/SPAN&gt;&lt;/P&gt;&lt;UL&gt;&lt;LI&gt;&lt;P&gt;&lt;SPAN STYLE="font-style:italic;"&gt;lpi &lt;/SPAN&gt;&lt;SPAN&gt;- percentage of statistical zone total area taken by largest patch&lt;/SPAN&gt;&lt;/P&gt;&lt;/LI&gt;&lt;LI&gt;&lt;P&gt;&lt;SPAN STYLE="font-style:italic;"&gt;lpi_class&lt;/SPAN&gt;&lt;SPAN&gt;- name of the largest patch class&lt;/SPAN&gt;&lt;/P&gt;&lt;/LI&gt;&lt;/UL&gt;&lt;/DIV&gt;&lt;/DIV&gt;&lt;/DIV&gt;</idAbs><searchKeys><keyword>area</keyword><keyword>metrics</keyword><keyword>largest patch index</keyword><keyword>lpi</keyword></searchKeys></dataIdInfo><distInfo><distributor><distorFormat><formatName>ArcToolbox Tool</formatName></distorFormat></distributor></distInfo><tool name="LargestPatchIndex" displayname="Area Metrics - Largest Patch Index" toolboxalias="" xmlns=""><parameters><param name="in_area" displayname="Input layer" type="Required" direction="Input" datatype="Feature Layer" expression="in_area"><dialogReference>&lt;DIV STYLE="text-align:Left;"&gt;&lt;P&gt;&lt;SPAN&gt;A &lt;/SPAN&gt;&lt;SPAN&gt;l&lt;/SPAN&gt;&lt;SPAN&gt;ayer with categorical values for which landscape metrics will be calculated&lt;/SPAN&gt;&lt;SPAN&gt;.&lt;/SPAN&gt;&lt;/P&gt;&lt;/DIV&gt;</dialogReference></param><param name="stat_layer" displayname="Statistical layer" type="Required" direction="Input" datatype="Feature Layer" expression="stat_layer"><dialogReference>&lt;DIV STYLE="text-align:Left;"&gt;&lt;DIV&gt;&lt;DIV&gt;&lt;P&gt;&lt;SPAN&gt;A &lt;/SPAN&gt;&lt;SPAN&gt;layer with statistical zones within which the metrics are calculated (e.g. hexagons, pies, administrative units&lt;/SPAN&gt;&lt;SPAN&gt;, watersheds&lt;/SPAN&gt;&lt;SPAN&gt;)&lt;/SPAN&gt;&lt;SPAN&gt;.&lt;/SPAN&gt;&lt;/P&gt;&lt;/DIV&gt;&lt;/DIV&gt;&lt;/DIV&gt;</dialogReference></param><param name="class_field" displayname="Class Field" type="Required" direction="Input" datatype="Field" expression="class_field"><dialogReference>&lt;DIV STYLE="text-align:Left;"&gt;&lt;DIV&gt;&lt;DIV&gt;&lt;P&gt;&lt;SPAN&gt;Name of field containing classes for which metrics calculations will be performed.&lt;/SPAN&gt;&lt;/P&gt;&lt;/DIV&gt;&lt;/DIV&gt;&lt;/DIV&gt;</dialogReference></param><param name="class_list" displayname="Classes" type="Optional" direction="Input" datatype="Multiple Value" expression="{class_list;class_list...}"><dialogReference>&lt;DIV STYLE="text-align:Left;"&gt;&lt;DIV&gt;&lt;DIV&gt;&lt;P&gt;&lt;SPAN&gt;Selection of specific classes for which metrics calculations will be performed. If nothing is selected metrics will be calculated for all classes.&lt;/SPAN&gt;&lt;/P&gt;&lt;/DIV&gt;&lt;/DIV&gt;&lt;/DIV&gt;</dialogReference></param><param name="merge_same_class_patches" displayname="Merge patches with same class" type="Required" direction="Input" datatype="Boolean" expression="merge_same_class_patches"><dialogReference>&lt;DIV STYLE="text-align:Left;"&gt;&lt;DIV&gt;&lt;P&gt;&lt;SPAN&gt;If checked LPI will be calculated for all patches of the selected classes (aggregated).&lt;/SPAN&gt;&lt;/P&gt;&lt;/DIV&gt;&lt;/DIV&gt;</dialogReference></param><param name="area_analysis_method" displayname="Area analysis method" type="Required" direction="Input" datatype="String" expression="Cut patches | Select overlapping patches | Select by centroids"><dialogReference>&lt;DIV STYLE="text-align:Left;"&gt;&lt;P&gt;&lt;SPAN&gt;Area analysis method:&lt;/SPAN&gt;&lt;/P&gt;&lt;UL&gt;&lt;LI&gt;&lt;P&gt;&lt;SPAN&gt;Cut patches – the default method of calculation where all the patches overlapping the statistical zone are clipped by its borders.&lt;/SPAN&gt;&lt;/P&gt;&lt;/LI&gt;&lt;LI&gt;&lt;P&gt;&lt;SPAN&gt;Select overlapping &lt;/SPAN&gt;&lt;SPAN&gt;patches&lt;/SPAN&gt;&lt;SPAN&gt; - statistics are calculated for the whole patch if intersecting a given statistical zone, the same patch can be taken into account in several zones (double counting of intersecting patches).&lt;/SPAN&gt;&lt;/P&gt;&lt;/LI&gt;&lt;LI&gt;&lt;P&gt;&lt;SPAN&gt;Select by centroids – statistics are calculated for the whole patch intersecting a zone, if its centroid is located within the zone (no double counting of intersecting patches)&lt;/SPAN&gt;&lt;SPAN&gt;.&lt;/SPAN&gt;&lt;/P&gt;&lt;/LI&gt;&lt;/UL&gt;&lt;/DIV&gt;</dialogReference></param></parameters><summary>&lt;DIV STYLE="text-align:Left;"&gt;&lt;DIV&gt;&lt;DIV&gt;&lt;P&gt;&lt;SPAN&gt;Looks for &lt;/SPAN&gt;&lt;SPAN&gt;the &lt;/SPAN&gt;&lt;SPAN&gt;patch covering the largest area within the statistical zone, calculates the area of this patch (LPI) and identifies the class &lt;/SPAN&gt;&lt;SPAN&gt;of &lt;/SPAN&gt;&lt;SPAN&gt;th&lt;/SPAN&gt;&lt;SPAN&gt;at&lt;/SPAN&gt;&lt;SPAN&gt; &lt;/SPAN&gt;&lt;SPAN&gt;patch. &lt;/SPAN&gt;&lt;/P&gt;&lt;P&gt;&lt;SPAN&gt;Outputs:&lt;/SPAN&gt;&lt;/P&gt;&lt;UL&gt;&lt;LI&gt;&lt;P&gt;&lt;SPAN STYLE="font-style:italic;"&gt;lpi &lt;/SPAN&gt;&lt;SPAN&gt;- percentage of statistical zone total area taken by largest patch&lt;/SPAN&gt;&lt;/P&gt;&lt;/LI&gt;&lt;LI&gt;&lt;P&gt;&lt;SPAN STYLE="font-style:italic;"&gt;lpi_class&lt;/SPAN&gt;&lt;SPAN&gt;- name of the largest patch class&lt;/SPAN&gt;&lt;/P&gt;&lt;/LI&gt;&lt;/UL&gt;&lt;/DIV&gt;&lt;/DIV&gt;&lt;/DIV&gt;</summary><arcToolboxHelpPath>c:\program files (x86)\arcgis\desktop10.2\Help\gp</arcToolboxHelpPath></tool><mdHrLv><ScopeCd value="005"/></mdHrLv></metadata>
