<?xml version="1.0"?>
<metadata xml:lang="pl"><Esri><CreaDate>20140411</CreaDate><CreaTime>21011100</CreaTime><ArcGISFormat>1.0</ArcGISFormat><SyncOnce>TRUE</SyncOnce><ModDate>20200325</ModDate><ModTime>17243500</ModTime><scaleRange><minScale>150000000</minScale><maxScale>5000</maxScale></scaleRange><ArcGISProfile>ItemDescription</ArcGISProfile></Esri><dataIdInfo><idCitation><resTitle>Area metrics</resTitle></idCitation><idAbs>&lt;DIV STYLE="text-align:Left;"&gt;&lt;DIV&gt;&lt;DIV&gt;&lt;P&gt;&lt;SPAN&gt;Calculates area metrics:&lt;/SPAN&gt;&lt;SPAN /&gt;&lt;/P&gt;&lt;UL&gt;&lt;LI&gt;&lt;P&gt;&lt;SPAN STYLE="font-style:italic;"&gt;Class Area &lt;/SPAN&gt;&lt;SPAN STYLE="font-style:italic;font-weight:bold;"&gt;(CA)&lt;/SPAN&gt;&lt;SPAN /&gt;&lt;SPAN&gt;- a&lt;/SPAN&gt;&lt;SPAN&gt;rea of the patches of &lt;/SPAN&gt;&lt;SPAN&gt;the corresponding &lt;/SPAN&gt;&lt;SPAN&gt;class within &lt;/SPAN&gt;&lt;SPAN&gt;the &lt;/SPAN&gt;&lt;SPAN&gt;statistical zone&lt;/SPAN&gt;&lt;SPAN&gt;(calculated for each selected class)&lt;/SPAN&gt;&lt;SPAN&gt;.&lt;/SPAN&gt;&lt;/P&gt;&lt;/LI&gt;&lt;LI&gt;&lt;P&gt;&lt;SPAN STYLE="font-style:italic;"&gt;Number of &lt;/SPAN&gt;&lt;SPAN STYLE="font-style:italic;"&gt;p&lt;/SPAN&gt;&lt;SPAN STYLE="font-style:italic;"&gt;atches&lt;/SPAN&gt;&lt;SPAN STYLE="font-style:italic;"&gt;per class&lt;/SPAN&gt;&lt;SPAN /&gt;&lt;SPAN STYLE="font-style:italic;font-weight:bold;"&gt;(NPC)&lt;/SPAN&gt;&lt;SPAN STYLE="font-style:italic;font-weight:bold;"&gt;- &lt;/SPAN&gt;&lt;SPAN&gt;n&lt;/SPAN&gt;&lt;SPAN&gt;umber of patches for each &lt;/SPAN&gt;&lt;SPAN&gt;corresponding &lt;/SPAN&gt;&lt;SPAN&gt;class&lt;/SPAN&gt;&lt;SPAN&gt;within the statistical zone.&lt;/SPAN&gt;&lt;/P&gt;&lt;/LI&gt;&lt;LI&gt;&lt;P&gt;&lt;SPAN STYLE="font-style:italic;"&gt;Z&lt;/SPAN&gt;&lt;SPAN STYLE="font-style:italic;"&gt;one area &lt;/SPAN&gt;&lt;SPAN STYLE="font-style:italic;font-weight:bold;"&gt;(ZA)&lt;/SPAN&gt;&lt;SPAN&gt;- a&lt;/SPAN&gt;&lt;SPAN&gt;rea of the statistical zone in which landscape metrics are calculated (e.g. &lt;/SPAN&gt;&lt;SPAN&gt;the area &lt;/SPAN&gt;&lt;SPAN&gt;of single hexagon/&lt;/SPAN&gt;&lt;SPAN&gt;single &lt;/SPAN&gt;&lt;SPAN&gt;pie or&lt;/SPAN&gt;&lt;SPAN&gt;of any&lt;/SPAN&gt;&lt;SPAN&gt;other zone).&lt;/SPAN&gt;&lt;/P&gt;&lt;/LI&gt;&lt;LI&gt;&lt;P&gt;&lt;SPAN STYLE="font-style:italic;"&gt;Percentage of &lt;/SPAN&gt;&lt;SPAN STYLE="font-style:italic;"&gt;zone&lt;/SPAN&gt;&lt;SPAN /&gt;&lt;SPAN STYLE="font-style:italic;font-weight:bold;"&gt;(P&lt;/SPAN&gt;&lt;SPAN STYLE="font-style:italic;font-weight:bold;"&gt;ZONE&lt;/SPAN&gt;&lt;SPAN STYLE="font-style:italic;font-weight:bold;"&gt;)&lt;/SPAN&gt;&lt;SPAN&gt;- p&lt;/SPAN&gt;&lt;SPAN&gt;ercentage of the area of the &lt;/SPAN&gt;&lt;SPAN&gt;corresponding&lt;/SPAN&gt;&lt;SPAN&gt;class per statistical zone &lt;/SPAN&gt;&lt;/P&gt;&lt;/LI&gt;&lt;/UL&gt;&lt;P&gt;&lt;SPAN&gt;Outputs:&lt;/SPAN&gt;&lt;/P&gt;&lt;UL&gt;&lt;LI&gt;&lt;P&gt;&lt;SPAN STYLE="font-style:italic;"&gt;ca&amp;lt;className&amp;gt;&lt;/SPAN&gt;&lt;SPAN&gt;- area of patches for each selected class&lt;/SPAN&gt;&lt;/P&gt;&lt;/LI&gt;&lt;LI&gt;&lt;P&gt;&lt;SPAN STYLE="font-style:italic;"&gt;np&lt;/SPAN&gt;&lt;SPAN STYLE="font-style:italic;"&gt;c&lt;/SPAN&gt;&lt;SPAN STYLE="font-style:italic;"&gt;&amp;lt;className&amp;gt;&lt;/SPAN&gt;&lt;SPAN&gt;- number of patches for each selected class&lt;/SPAN&gt;&lt;/P&gt;&lt;/LI&gt;&lt;LI&gt;&lt;P&gt;&lt;SPAN STYLE="font-style:italic;"&gt;zone_area&lt;/SPAN&gt;&lt;SPAN&gt;- area of the used statistical zone&lt;/SPAN&gt;&lt;/P&gt;&lt;/LI&gt;&lt;LI&gt;&lt;P&gt;&lt;SPAN STYLE="font-style:italic;"&gt;p&lt;/SPAN&gt;&lt;SPAN STYLE="font-style:italic;"&gt;z&lt;/SPAN&gt;&lt;SPAN STYLE="font-style:italic;"&gt;&amp;lt;className&amp;gt;&lt;/SPAN&gt;&lt;SPAN&gt;- percent of area of whole statistical zone taken by patches of selected classes&lt;/SPAN&gt;&lt;/P&gt;&lt;/LI&gt;&lt;/UL&gt;&lt;P&gt;&lt;SPAN /&gt;&lt;/P&gt;&lt;/DIV&gt;&lt;/DIV&gt;&lt;/DIV&gt;</idAbs><searchKeys><keyword>area</keyword><keyword>metrics</keyword><keyword>pland</keyword><keyword>ca</keyword><keyword>za</keyword><keyword>zone area</keyword><keyword>percentage of landscape</keyword><keyword>class area</keyword><keyword>number of class patches</keyword></searchKeys></dataIdInfo><distInfo><distributor><distorFormat><formatName>ArcToolbox Tool</formatName></distorFormat></distributor></distInfo><tool name="AreaMetrics" displayname="Area metrics" toolboxalias="zonalmetrics" xmlns=""><parameters><param name="in_area" displayname="Input layer" type="Required" direction="Input" datatype="Feature Layer" expression="in_area"><dialogReference>&lt;DIV STYLE="text-align:Left;"&gt;&lt;DIV&gt;&lt;DIV&gt;&lt;P&gt;&lt;SPAN&gt;A &lt;/SPAN&gt;&lt;SPAN&gt;l&lt;/SPAN&gt;&lt;SPAN&gt;ayer with categorical values for which landscape metrics will be calculated&lt;/SPAN&gt;&lt;SPAN&gt;.&lt;/SPAN&gt;&lt;/P&gt;&lt;/DIV&gt;&lt;/DIV&gt;&lt;/DIV&gt;</dialogReference></param><param name="stat_layer" displayname="Statistical layer" type="Required" direction="Input" datatype="Feature Layer" expression="stat_layer"><dialogReference>&lt;DIV STYLE="text-align:Left;"&gt;&lt;DIV&gt;&lt;DIV&gt;&lt;P&gt;&lt;SPAN&gt;A &lt;/SPAN&gt;&lt;SPAN&gt;layer with statistical zones within which the metrics are calculated (e.g. hexagons, pies, administrative units&lt;/SPAN&gt;&lt;SPAN&gt;, watersheds&lt;/SPAN&gt;&lt;SPAN&gt;)&lt;/SPAN&gt;&lt;SPAN&gt;.&lt;/SPAN&gt;&lt;/P&gt;&lt;/DIV&gt;&lt;/DIV&gt;&lt;/DIV&gt;</dialogReference></param><param name="class_field" displayname="Class Field" type="Required" direction="Input" datatype="Field" expression="class_field"><dialogReference>&lt;DIV STYLE="text-align:Left;"&gt;&lt;DIV&gt;&lt;DIV&gt;&lt;P&gt;&lt;SPAN&gt;Name of field containing classes for which metrics calculations will be performed.&lt;/SPAN&gt;&lt;/P&gt;&lt;/DIV&gt;&lt;/DIV&gt;&lt;/DIV&gt;</dialogReference></param><param name="class_list" displayname="Classes" type="Optional" direction="Input" datatype="Multiple Value" expression="{class_list;class_list...}"><dialogReference>&lt;DIV STYLE="text-align:Left;"&gt;&lt;DIV&gt;&lt;DIV&gt;&lt;P&gt;&lt;SPAN&gt;Selection of specific classes for which metrics calculations will be performed. If nothing is selected metrics will be calculated for all classes.&lt;/SPAN&gt;&lt;/P&gt;&lt;/DIV&gt;&lt;/DIV&gt;&lt;/DIV&gt;</dialogReference></param><param name="area_analysis_method" displayname="Area analysis method" type="Required" direction="Input" datatype="String" expression="Cut patches | Select overlapping patches | Select by centroids"><dialogReference>&lt;DIV STYLE="text-align:Left;"&gt;&lt;DIV&gt;&lt;DIV&gt;&lt;P&gt;&lt;SPAN&gt;Area analysis method:&lt;/SPAN&gt;&lt;/P&gt;&lt;UL&gt;&lt;LI&gt;&lt;P&gt;&lt;SPAN&gt;Cut patches – the default method of calculation where all the patches overlapping the statistical zone are virtually clipped by its borders.&lt;/SPAN&gt;&lt;/P&gt;&lt;/LI&gt;&lt;LI&gt;&lt;P&gt;&lt;SPAN&gt;Select overlapping &lt;/SPAN&gt;&lt;SPAN&gt;patches&lt;/SPAN&gt;&lt;SPAN&gt;- statistics are calculated for the whole patch if intersecting a given statistical zone, the same patch can be taken into account in several zones (double counting of intersecting patches).&lt;/SPAN&gt;&lt;/P&gt;&lt;/LI&gt;&lt;LI&gt;&lt;P&gt;&lt;SPAN&gt;Select by centroids – statistics are calculated for the whole patch intersecting a zone, if its centroid is located within the zone (no double counting of intersecting patches)&lt;/SPAN&gt;&lt;SPAN&gt;.&lt;/SPAN&gt;&lt;/P&gt;&lt;/LI&gt;&lt;/UL&gt;&lt;/DIV&gt;&lt;/DIV&gt;&lt;/DIV&gt;</dialogReference></param></parameters><summary>&lt;DIV STYLE="text-align:Left;"&gt;&lt;DIV&gt;&lt;DIV&gt;&lt;P&gt;&lt;SPAN&gt;Calculates area metrics:&lt;/SPAN&gt;&lt;SPAN /&gt;&lt;/P&gt;&lt;UL&gt;&lt;LI&gt;&lt;P&gt;&lt;SPAN STYLE="font-style:italic;"&gt;Class Area &lt;/SPAN&gt;&lt;SPAN STYLE="font-style:italic;font-weight:bold;"&gt;(CA)&lt;/SPAN&gt;&lt;SPAN /&gt;&lt;SPAN&gt;- a&lt;/SPAN&gt;&lt;SPAN&gt;rea of the patches of &lt;/SPAN&gt;&lt;SPAN&gt;the corresponding &lt;/SPAN&gt;&lt;SPAN&gt;class within &lt;/SPAN&gt;&lt;SPAN&gt;the &lt;/SPAN&gt;&lt;SPAN&gt;statistical zone&lt;/SPAN&gt;&lt;SPAN&gt;(calculated for each selected class)&lt;/SPAN&gt;&lt;SPAN&gt;.&lt;/SPAN&gt;&lt;/P&gt;&lt;/LI&gt;&lt;LI&gt;&lt;P&gt;&lt;SPAN STYLE="font-style:italic;"&gt;Number of &lt;/SPAN&gt;&lt;SPAN STYLE="font-style:italic;"&gt;p&lt;/SPAN&gt;&lt;SPAN STYLE="font-style:italic;"&gt;atches&lt;/SPAN&gt;&lt;SPAN STYLE="font-style:italic;"&gt; &lt;/SPAN&gt;&lt;SPAN STYLE="font-style:italic;"&gt;per class&lt;/SPAN&gt;&lt;SPAN /&gt;&lt;SPAN STYLE="font-style:italic;font-weight:bold;"&gt;(NPC)&lt;/SPAN&gt;&lt;SPAN STYLE="font-style:italic;font-weight:bold;"&gt;- &lt;/SPAN&gt;&lt;SPAN&gt;n&lt;/SPAN&gt;&lt;SPAN&gt;umber of patches for each &lt;/SPAN&gt;&lt;SPAN&gt;corresponding &lt;/SPAN&gt;&lt;SPAN&gt;class&lt;/SPAN&gt;&lt;SPAN&gt; &lt;/SPAN&gt;&lt;SPAN&gt;within the statistical zone.&lt;/SPAN&gt;&lt;/P&gt;&lt;/LI&gt;&lt;LI&gt;&lt;P&gt;&lt;SPAN STYLE="font-style:italic;"&gt;Z&lt;/SPAN&gt;&lt;SPAN STYLE="font-style:italic;"&gt;one area &lt;/SPAN&gt;&lt;SPAN STYLE="font-style:italic;font-weight:bold;"&gt;(ZA)&lt;/SPAN&gt;&lt;SPAN&gt;- a&lt;/SPAN&gt;&lt;SPAN&gt;rea of the statistical zone in which landscape metrics are calculated (e.g. &lt;/SPAN&gt;&lt;SPAN&gt;the area &lt;/SPAN&gt;&lt;SPAN&gt;of single hexagon/&lt;/SPAN&gt;&lt;SPAN&gt;single &lt;/SPAN&gt;&lt;SPAN&gt;pie or&lt;/SPAN&gt;&lt;SPAN&gt; &lt;/SPAN&gt;&lt;SPAN&gt;of any&lt;/SPAN&gt;&lt;SPAN&gt; &lt;/SPAN&gt;&lt;SPAN&gt;other zone).&lt;/SPAN&gt;&lt;/P&gt;&lt;/LI&gt;&lt;LI&gt;&lt;P&gt;&lt;SPAN STYLE="font-style:italic;"&gt;Percentage of &lt;/SPAN&gt;&lt;SPAN STYLE="font-style:italic;"&gt;zone&lt;/SPAN&gt;&lt;SPAN /&gt;&lt;SPAN STYLE="font-style:italic;font-weight:bold;"&gt;(P&lt;/SPAN&gt;&lt;SPAN STYLE="font-style:italic;font-weight:bold;"&gt;ZONE&lt;/SPAN&gt;&lt;SPAN STYLE="font-style:italic;font-weight:bold;"&gt;)&lt;/SPAN&gt;&lt;SPAN&gt;- p&lt;/SPAN&gt;&lt;SPAN&gt;ercentage of the area of the &lt;/SPAN&gt;&lt;SPAN&gt;corresponding&lt;/SPAN&gt;&lt;SPAN&gt; &lt;/SPAN&gt;&lt;SPAN&gt;class per statistical zone &lt;/SPAN&gt;&lt;/P&gt;&lt;/LI&gt;&lt;/UL&gt;&lt;P&gt;&lt;SPAN&gt;Outputs:&lt;/SPAN&gt;&lt;/P&gt;&lt;UL&gt;&lt;LI&gt;&lt;P&gt;&lt;SPAN STYLE="font-style:italic;"&gt;ca&amp;lt;className&amp;gt;&lt;/SPAN&gt;&lt;SPAN&gt;- area of patches for each selected class&lt;/SPAN&gt;&lt;/P&gt;&lt;/LI&gt;&lt;LI&gt;&lt;P&gt;&lt;SPAN STYLE="font-style:italic;"&gt;np&lt;/SPAN&gt;&lt;SPAN STYLE="font-style:italic;"&gt;c&lt;/SPAN&gt;&lt;SPAN STYLE="font-style:italic;"&gt;&amp;lt;className&amp;gt;&lt;/SPAN&gt;&lt;SPAN&gt;- number of patches for each selected class&lt;/SPAN&gt;&lt;/P&gt;&lt;/LI&gt;&lt;LI&gt;&lt;P&gt;&lt;SPAN STYLE="font-style:italic;"&gt;zone_area&lt;/SPAN&gt;&lt;SPAN&gt;- area of the used statistical zone&lt;/SPAN&gt;&lt;/P&gt;&lt;/LI&gt;&lt;LI&gt;&lt;P&gt;&lt;SPAN STYLE="font-style:italic;"&gt;p&lt;/SPAN&gt;&lt;SPAN STYLE="font-style:italic;"&gt;z&lt;/SPAN&gt;&lt;SPAN STYLE="font-style:italic;"&gt;&amp;lt;className&amp;gt;&lt;/SPAN&gt;&lt;SPAN&gt;- percent of area of whole statistical zone taken by patches of selected classes&lt;/SPAN&gt;&lt;/P&gt;&lt;/LI&gt;&lt;/UL&gt;&lt;P&gt;&lt;SPAN /&gt;&lt;/P&gt;&lt;/DIV&gt;&lt;/DIV&gt;&lt;/DIV&gt;</summary><arcToolboxHelpPath>c:\program files\arcgis\pro\Resources\Help\gp</arcToolboxHelpPath></tool><mdHrLv><ScopeCd value="005"/></mdHrLv><mdDateSt Sync="TRUE">20200325</mdDateSt></metadata>
