<metadata xml:lang="pl"><Esri><CreaDate>20140410</CreaDate><CreaTime>22285200</CreaTime><ArcGISFormat>1.0</ArcGISFormat><SyncOnce>TRUE</SyncOnce><ModDate>20141130</ModDate><ModTime>17580100</ModTime><scaleRange><minScale>150000000</minScale><maxScale>5000</maxScale></scaleRange><ArcGISProfile>ItemDescription</ArcGISProfile></Esri><dataIdInfo><idCitation><resTitle>Create pie layer</resTitle></idCitation><searchKeys><keyword>create</keyword><keyword>pie</keyword></searchKeys><idAbs>&lt;DIV STYLE="text-align:Left;"&gt;&lt;DIV&gt;&lt;DIV&gt;&lt;P&gt;&lt;SPAN&gt;Creates layer dividing the input area (defined by the to be analysed layer) into a defined number of sections (similar to pie charts, but with equal arc length).&lt;/SPAN&gt;&lt;/P&gt;&lt;P&gt;&lt;SPAN&gt;The sections are geographically oriented, that means that the first sector is always directed to the North, and e. g. when 4 sections would set in the properties, the whole area will be divided to the 90 degree sections directed to the four sides of the world.&lt;/SPAN&gt;&lt;/P&gt;&lt;/DIV&gt;&lt;/DIV&gt;&lt;/DIV&gt;</idAbs></dataIdInfo><distInfo><distributor><distorFormat><formatName>ArcToolbox Tool</formatName></distorFormat></distributor></distInfo><tool name="CreatePie" displayname="Create pie layer" toolboxalias="" xmlns=""><parameters><param name="in_area" displayname="Input layer" type="Required" direction="Input" datatype="Feature Layer" expression="in_area"><dialogReference>&lt;DIV STYLE="text-align:Left;"&gt;&lt;DIV&gt;&lt;DIV&gt;&lt;P&gt;&lt;SPAN&gt;A l&lt;/SPAN&gt;&lt;SPAN&gt;ayer defining the extent of the pie layer (usually the layer for which the metrics will be calculated)&lt;/SPAN&gt;&lt;SPAN&gt;.&lt;/SPAN&gt;&lt;/P&gt;&lt;/DIV&gt;&lt;/DIV&gt;&lt;/DIV&gt;</dialogReference></param><param name="sections_number" displayname="Number of sections" type="Required" direction="Input" datatype="Long" expression="sections_number"><dialogReference>&lt;DIV STYLE="text-align:Left;"&gt;&lt;DIV&gt;&lt;DIV&gt;&lt;P&gt;&lt;SPAN&gt;T&lt;/SPAN&gt;&lt;SPAN&gt;he number of pie sections to be calculated. Pie section will be geograpically oriented, the first is directed to the North. &lt;/SPAN&gt;&lt;SPAN&gt;R&lt;/SPAN&gt;&lt;SPAN&gt;ecommended&lt;/SPAN&gt;&lt;SPAN&gt; are &lt;/SPAN&gt;&lt;SPAN&gt;numbers divisible by 4&lt;/SPAN&gt;&lt;SPAN&gt;.&lt;/SPAN&gt;&lt;/P&gt;&lt;/DIV&gt;&lt;/DIV&gt;&lt;/DIV&gt;</dialogReference></param><param name="output_layer" displayname="Output pie layer" type="Required" direction="Output" datatype="Shapefile" expression="output_layer"><dialogReference>&lt;DIV STYLE="text-align:Left;"&gt;&lt;DIV&gt;&lt;DIV&gt;&lt;P&gt;&lt;SPAN&gt;T&lt;/SPAN&gt;&lt;SPAN&gt;he name for the output pie layer&lt;/SPAN&gt;&lt;SPAN&gt;.&lt;/SPAN&gt;&lt;/P&gt;&lt;/DIV&gt;&lt;/DIV&gt;&lt;/DIV&gt;</dialogReference></param></parameters><summary>&lt;DIV STYLE="text-align:Left;"&gt;&lt;DIV&gt;&lt;DIV&gt;&lt;P&gt;&lt;SPAN&gt;Creates layer dividing the input area (defined by the to be analysed layer) into a defined number of sections (similar to pie charts, but with equal arc length).&lt;/SPAN&gt;&lt;/P&gt;&lt;P&gt;&lt;SPAN&gt;The sections are geographically oriented, that means that the first sector is always directed to the North, and e. g. when 4 sections would set in the properties, the whole area will be divided to the 90 degree sections directed to the four sides of the world.&lt;/SPAN&gt;&lt;/P&gt;&lt;/DIV&gt;&lt;/DIV&gt;&lt;/DIV&gt;</summary></tool></metadata>
