<metadata xml:lang="pl"><Esri><CreaDate>20140410</CreaDate><CreaTime>23054700</CreaTime><ArcGISFormat>1.0</ArcGISFormat><SyncOnce>TRUE</SyncOnce><ModDate>20150312</ModDate><ModTime>20163000</ModTime><scaleRange><minScale>150000000</minScale><maxScale>5000</maxScale></scaleRange><ArcGISProfile>ItemDescription</ArcGISProfile></Esri><dataIdInfo><idCitation><resTitle>Diversity Metrics</resTitle></idCitation><idAbs>&lt;DIV STYLE="text-align:Left;"&gt;&lt;DIV&gt;&lt;DIV&gt;&lt;P&gt;&lt;SPAN&gt;Calculates Shannon diversity index (SHDI) per zone&lt;/SPAN&gt;&lt;SPAN&gt;, based on the selected classes&lt;/SPAN&gt;&lt;SPAN&gt;.&lt;/SPAN&gt;&lt;/P&gt;&lt;P&gt;&lt;SPAN&gt;Outputs&lt;/SPAN&gt;&lt;SPAN&gt;:&lt;/SPAN&gt;&lt;/P&gt;&lt;UL&gt;&lt;LI&gt;&lt;P&gt;&lt;SPAN STYLE="font-style:italic;"&gt;shdi&lt;/SPAN&gt;&lt;SPAN&gt;- SHDI value for selected classes per zone&lt;/SPAN&gt;&lt;/P&gt;&lt;/LI&gt;&lt;LI&gt;&lt;P&gt;&lt;SPAN STYLE="font-style:italic;"&gt;zone_area&lt;/SPAN&gt;&lt;SPAN&gt;- total area of statistical zone&lt;/SPAN&gt;&lt;/P&gt;&lt;/LI&gt;&lt;/UL&gt;&lt;P&gt;&lt;SPAN /&gt;&lt;/P&gt;&lt;/DIV&gt;&lt;/DIV&gt;&lt;/DIV&gt;</idAbs><searchKeys><keyword>diversity</keyword><keyword>shdi</keyword><keyword>shannon</keyword></searchKeys></dataIdInfo><distInfo><distributor><distorFormat><formatName>ArcToolbox Tool</formatName></distorFormat></distributor></distInfo><tool name="DiversityMetricsTool" displayname="Diversity Metrics" toolboxalias="" xmlns=""><parameters><param name="in_area" displayname="Input layer" type="Required" direction="Input" datatype="Feature Layer" expression="in_area"><dialogReference>&lt;DIV STYLE="text-align:Left;"&gt;&lt;P&gt;&lt;SPAN&gt;A &lt;/SPAN&gt;&lt;SPAN&gt;l&lt;/SPAN&gt;&lt;SPAN&gt;ayer with categorical values for which landscape metrics will be calculated&lt;/SPAN&gt;&lt;SPAN&gt;.&lt;/SPAN&gt;&lt;/P&gt;&lt;/DIV&gt;</dialogReference></param><param name="stat_layer" displayname="Statistical layer" type="Required" direction="Input" datatype="Feature Layer" expression="stat_layer"><dialogReference>&lt;DIV STYLE="text-align:Left;"&gt;&lt;DIV&gt;&lt;DIV&gt;&lt;P&gt;&lt;SPAN&gt;A &lt;/SPAN&gt;&lt;SPAN&gt;layer with statistical zones within which the metrics are calculated (e.g. hexagons, pies, administrative units&lt;/SPAN&gt;&lt;SPAN&gt;, watersheds&lt;/SPAN&gt;&lt;SPAN&gt;)&lt;/SPAN&gt;&lt;SPAN&gt;.&lt;/SPAN&gt;&lt;/P&gt;&lt;/DIV&gt;&lt;/DIV&gt;&lt;/DIV&gt;</dialogReference></param><param name="class_field" displayname="Class Field" type="Required" direction="Input" datatype="Field" expression="class_field"><dialogReference>&lt;DIV STYLE="text-align:Left;"&gt;&lt;DIV&gt;&lt;DIV&gt;&lt;P&gt;&lt;SPAN&gt;Name of field containing classes for which metrics calculations will be performed.&lt;/SPAN&gt;&lt;/P&gt;&lt;/DIV&gt;&lt;/DIV&gt;&lt;/DIV&gt;</dialogReference></param><param name="class_list" displayname="Classes" type="Optional" direction="Input" datatype="Multiple Value" expression="{class_list;class_list...}"><dialogReference>&lt;DIV STYLE="text-align:Left;"&gt;&lt;DIV&gt;&lt;DIV&gt;&lt;P&gt;&lt;SPAN&gt;Selection of specific classes for which metrics calculations will be performed. If nothing is selected metrics will be calculated for all classes.&lt;/SPAN&gt;&lt;/P&gt;&lt;/DIV&gt;&lt;/DIV&gt;&lt;/DIV&gt;</dialogReference></param></parameters><summary>&lt;DIV STYLE="text-align:Left;"&gt;&lt;DIV&gt;&lt;DIV&gt;&lt;P&gt;&lt;SPAN&gt;Calculates Shannon diversity index (SHDI) per zone&lt;/SPAN&gt;&lt;SPAN&gt;, based on the selected classes&lt;/SPAN&gt;&lt;SPAN&gt;.&lt;/SPAN&gt;&lt;/P&gt;&lt;P&gt;&lt;SPAN&gt;Outputs&lt;/SPAN&gt;&lt;SPAN&gt;:&lt;/SPAN&gt;&lt;/P&gt;&lt;UL&gt;&lt;LI&gt;&lt;P&gt;&lt;SPAN STYLE="font-style:italic;"&gt;shdi&lt;/SPAN&gt;&lt;SPAN&gt;- SHDI value for selected classes per zone&lt;/SPAN&gt;&lt;/P&gt;&lt;/LI&gt;&lt;LI&gt;&lt;P&gt;&lt;SPAN STYLE="font-style:italic;"&gt;zone_area&lt;/SPAN&gt;&lt;SPAN&gt;- total area of statistical zone&lt;/SPAN&gt;&lt;/P&gt;&lt;/LI&gt;&lt;/UL&gt;&lt;P&gt;&lt;SPAN /&gt;&lt;/P&gt;&lt;/DIV&gt;&lt;/DIV&gt;&lt;/DIV&gt;</summary><arcToolboxHelpPath>c:\program files (x86)\arcgis\desktop10.2\Help\gp</arcToolboxHelpPath></tool><mdHrLv><ScopeCd value="005"></ScopeCd></mdHrLv></metadata>
